Nome,Genero,Idade
Mal,Male,18
Chlo,Female,52
Casie,Female,35
Daron,Female,64
Hew,Male,58
Cacilie,Female,52
Tuck,Male,29
Enid,Female,61
Latisha,Female,55
Salvidor,Male,70
Bill,Male,33
Guss,Male,52
Roldan,Male,41
Melvyn,Male,63
Nicoli,Female,27
Kennan,Male,72
Jerrilyn,Female,76
Stu,Male,49
Harv,Male,46
Lee,Male,44
Starla,Female,34
Binni,Female,51
Cosimo,Male,36
Brodie,Male,74
Odella,Female,37
Florette,Female,29
Dyna,Female,20
Mamie,Female,63
Olympia,Female,76
Roldan,Male,53
Gorden,Male,46
Saundra,Male,31
Charo,Female,20
Sibyl,Female,51
Jone,Male,36
Bevin,Male,48
Kaleena,Female,76
Levey,Male,25
Hazel,Male,51
Suzanna,Female,52
Allyn,Male,71
Yard,Male,57
Curry,Male,61
Chickie,Female,65
Roscoe,Male,64
Kirsten,Female,40
Abbe,Male,26
Julita,Female,45
Lolly,Female,72
Lucy,Female,61
Mateo,Male,69
Brandais,Female,21
Odelle,Female,74
Bevvy,Female,63
Zaria,Female,66
Chloette,Female,69
Derward,Male,69
Dukie,Male,31
Elyn,Female,58
Elnore,Female,70
Moyra,Female,71
Doe,Female,46
Irita,Female,38
Otha,Female,57
Griffy,Male,33
Florrie,Female,62
Nomi,Female,19
Shaylyn,Female,42
Farah,Female,20
Darrin,Male,22
Rita,Female,25
Kitty,Female,47
Manny,Male,60
Lenka,Female,26
Marybelle,Female,65
Theobald,Male,72
Farly,Male,48
Leda,Female,71
Lev,Male,35
Cecilia,Female,38
Chrissy,Male,62
Tabor,Male,34
Garald,Male,44
Marijo,Female,67
Maitilde,Female,38
Katey,Female,65
Bab,Female,46
Charmaine,Female,32
Isadore,Male,74
Bella,Female,41
Louise,Female,70
Amil,Female,54
Fraze,Male,69
Rossie,Male,22
Darcy,Female,56
Vinny,Male,52
Briana,Female,57
Bryon,Male,80
Rusty,Male,23
Koenraad,Male,67
